title,price,rating,reviews,availability
NAVNEET Youva Case Bound My Notes 21x33 cm Regular Notebook Single Line 144 Pages(Multicolor),₹140,4.5,112 Reviews,Available
NAVNEET Youva Hard Bound Physics Practical Book 21.5x26.5 cm Regular Notebook 1 Side Ruled & 1 Side Plain 176 Pages(Multicolor),₹100,4.6,210 Reviews,Available
NAVNEET Youva Case Bound My Notes 21x33 cm Regular Notebook Single Line 288 Pages(Multicolor),₹230,4.5,68 Reviews,Available
NAVNEET Youva Spiral & Soft Bound Subject Book 23x26 cm Regular Notebook Single Line 300 Pages(Multicolor),₹180,4.2,123 Reviews,Available
"NAVNEET Youva Soft Bound Long Book 17x27 cm Regular Notebook Single Line 172 Pages(Multicolor, Pack of 4)",₹240,4.2,86 Reviews,Available
"NAVNEET Youva Soft Bound 18x24 cm Book-size Notebook Red & Blue With Gap 172 Pages(Multicolor, Pack of 3)",₹180,4.5,22 Reviews,Available
"Sainik School Practice Set book Class 6 with Solved Papers for (AISSEE) All India Sainik Schools Entrance Exam 2024 (English Medium)(Paperback, Radian Book Company)",₹249,4,2 Reviews,Available
HAIYUN 4 PCS Magic Practice Copybook for Kids English Reusable Magical Copybook Kids,₹299,4.2,13 Reviews,Available
"Sainik School Guide Book Class 6 for Entrance Exam 2024 English Medium (New Edition)(Paperback, Radian Book Company)",₹499,4.4,12 Reviews,Available
"20 Practice Sets Sainik School Entrance Exam Class 6(English, Paperback, unknown)",₹225,4.3,12 Reviews,Available
"Airhant Publication Saynik School Class 6 Entrance Exam 2023(Paperback, Arihant expert)",₹450,4.2,,Available
"NAVNEET Youva Loose Sheet 21x29.7 cm Unruled Regular 64 gsm Drawing Paper(Set of 1, Multicolor)",₹170,4.3,20 Reviews,Available
Liangbao 1 Compartments Metal BOOKSTAND(Black),₹725,4,19 Reviews,Available
"DALUCI Memo pad 50 Sheets Writing Pad, 5 Page Marker Pads, Ballpoint Pen, 6 Sticky Note Pads, 11 Colors(Set Of 1, Multicolor)",₹999,4.8,,Available
Ashmi School Set,"₹1,256",4.1,9 Reviews,Available
"Youva Long Book A4 Notebook Single Line 76 Pages(Multicolor, Pack of 12)",₹504,4.1,11 Reviews,Available
"NAVNEET Youva Soft Bound Long Book Feminine Series 17x27 cm Regular Notebook Single Line 172 Pages(Multicolor, Pack of 4)",₹240,4.2,223 Reviews,Available
"NAVNEET Youva Soft Bound 15.5x18.8 cm Regular Notebook Double Line 172 Pages(Multicolor, Pack of 6)",₹210,4,8 Reviews,Available
"NAVNEET Spiral Book 21x29.7 cm Single Line A4 Notebook Single Line 172 Pages(Multicolor, Pack of 3)",₹315,4.3,7 Reviews,Available
"Youva Brown Note Book Book-size Notebook Single Line 172 Pages(Brown, Pack of 12)",₹720,4.6,0 Reviews,Available
"SUNDARAM D-4_AW-9 Book-size Notebook Single Lined 420 Pages(NA, Pack of 4)",₹664,3.9,,Available
"Magic Practice Copybook, (4 BOOK + 1 PEN + 10 REFILL) Number Tracing Book For Preschoolers With Pen A47(Hardcover, VALARIE)",₹499,4.8,,Available
"Scrapbooks For Kids | A4 Size Scrapbook | 32 Pages | Colorful Scrapbook Paper For Birthday, School, Home | Set Of 3 Scrap Books(Paperback, Woodsnipe)",₹180,4.3,1 Reviews,Available
"MORARJI Success Guide -Pareeksha Margadarshi -[For-6th Class Entry- Morarji /Adarsha/Kithuru Rani Chennamma Residential School Entrance Exam](Paperback, Kannada, V.Chennakeshavamurthy)",₹360,4.3,1 Reviews,Available
"Examcart (AISSEE) Sainik School Class 6 Entrance Exam Guide Book For 2024 Exams In English(Paperback, Examcart Experts)",₹319,4.2,20 Reviews,Available
"Rashtriya Military Schools (RMS-CET) And All India Sainik Schools ( AISSEE) For Class VI(Paperback, Anoop Aggarwal)",₹495,4.1,6 Reviews,Available
ESCAPER Back to School Theme Sketch Book (A4 Size - 50 Sheets)| Artist Sketch Pads | Artist Drawing Book | Sketch Book For Painting Sketch Pad(50 Sheets),₹899,4.6,,Available
"Easy Read 1 Compartments Plastic Book Holder and Reading Stand(Grey, Orange, Green)",₹499,4.2,,Available
oddpod 1 Compartments Metal BOOK STAND(Black),₹600,4.4,4 Reviews,Available
Medium 30 L Laptop Backpack Backpack for Men and Women|Unisex Backpack|College Bag for Boys and Girls|office Backpack |School Bag|Trendy Backpack|Stylish Backpack(Black),"₹1,499",3.9,,Available
"Bittoo Full Size Exercise book - 190mm x 315mm, Soft Cover, 144 Pages, Single Line - (1154) Pack of 10 Regular Notebook Ruled 144 Pages(Multicolor, Pack of 10)","₹1,575",4.2,,Available
"Classina Graph A4 Notebook Graph 36 Pages(Green, Pack of 6)",₹240,2.1,,Available
"SUNDARAM Winner A4 Notebook Single Lined 172 Pages(NA, Pack of 6)",₹510,3.9,,Available
"GREATZON ENTERPRISE Good A4 Notebook Normal 176 Pages(White, Pack of 6)",₹999,3.8,,Available
NAVNEET Youva Spiral Bound 18x24 cm Single Line Regular Notebook Single Line 200 Pages(Yellow),₹90,3.3,1 Reviews,Available
NAVNEET Youva Case Bound Long Book - Wonderland Series 21x33 cm Regular Notebook Single Line 384 Pages(Multicolor),₹265,4,1 Reviews,Available
"RMS /Sainik School Entrance Exam Previous Solved Papers Along With Model Test Papers As Per New Pattern. For Class IX(Paperback, Anoop Aggarwal)",₹345,4.1,11 Reviews,Available
"General Knowledge GK Study Guide Book for Sainik School (AISSEE), RMS and other Entrance Exam Class 6 in English 2023(Paperback, Radian Book Company)",₹249,4.3,9 Reviews,Available
"Sainik School Practice Sets Class 6 with Solved Papers for Entrance Exam 2023 (English Medium)(Paperback, Radian Book Company)",₹225,4.4,21 Reviews,Available
"Sainik School Class 9 Guide 2022(English, Paperback, unknown)",₹440,4.4,48 Reviews,Available
